avg_mean_temp,avg_std_temp,count_above_18,count_below_15
13.62304225578093,6.561658432629178,0,4
