avg_mean_temp,avg_std_temp,count_above_18,count_below_15
14.69361313440956,6.801697595583304,804,2471
